Date,2018-05-01,
Time,12:26:51,

PlateType,384PP_DMSO2,
Barcode,UnknownBarCode,

WellName,WellRow,WellColumn,GeoX,GeoY,TransducerZ,Wall ToF (us), Wall Vpp,EW BB ToF (us), EW BB Vpp,EW TB ToF (us), EW TB Vpp,FW BB ToF (us), FW BB Vpp,FW TB1 ToF (us), FW TB1 Vpp,FW TB2 ToF (us), FW TB2 Vpp,SR ToF (us), SR Vpp,SR2 ToF (us), SR2 Vpp,Well Round Trip ToF (us), Well Round Trip Vpp,Bottom Thickness (us), BottomEchoAmpRatio,
A1,0,0,55904.066000,71947.822000,17591.129000,,,,,,,31.896000,2.468000,32.530000,1.390000,,,34.704000,2.046000,,,,,0.634000,0.563209,
A2,0,1,60385.959000,71947.822000,17591.129000,,,,,,,31.892000,2.437000,32.532000,1.437000,,,33.234000,3.984000,,,,,0.639000,0.589659,
A3,0,2,64867.853000,71947.822000,17591.129000,,,,,,,31.884000,2.421000,32.520000,1.484000,,,34.820000,0.875000,,,,,0.635000,0.612970,
A4,0,3,69349.746000,71947.822000,17591.129000,,,,,,,31.870000,2.406000,32.510000,1.562000,,,34.800000,0.906000,,,,,0.640000,0.649210,
A5,0,4,73831.640000,71947.822000,17591.129000,,,,,,,31.854000,2.406000,32.502000,1.359000,,,34.942000,0.687000,,,,,0.648000,0.564838,
A6,0,5,78313.533000,71947.822000,17591.129000,,,,,,,31.842000,2.390000,32.484000,1.375000,,,34.644000,2.187000,,,,,0.642000,0.575314,
A7,0,6,82795.427000,71947.822000,17591.129000,,,,,,,31.830000,2.390000,32.482000,2.109000,,,34.842000,0.906000,,,,,0.652000,0.882427,
A8,0,7,87277.320000,71947.822000,17591.129000,,,,,,,31.822000,2.359000,32.470000,1.359000,,,33.152000,2.562000,,,,,0.647000,0.576092,
A9,0,8,91759.214000,71947.822000,17591.129000,,,,,,,31.818000,2.390000,32.466000,1.343000,,,34.800000,0.859000,,,,,0.648000,0.561925,
A10,0,9,96241.107000,71947.822000,17591.129000,,,,,,,31.824000,2.359000,32.454000,1.781000,,,34.822000,0.875000,,,,,0.630000,0.754981,
A11,0,10,100723.001000,71947.822000,17591.129000,,,31.844000,2.468000,32.478000,3.984000,,,,,,,,,,,,,0.634000,,
A12,0,11,105204.894000,71947.822000,17591.129000,,,31.814000,2.484000,32.458000,3.984000,,,,,,,,,,,,,0.643000,,
A13,0,12,109686.788000,71947.822000,17591.129000,,,,,,,31.814000,2.453000,32.456000,1.281000,,,34.834000,0.593000,,,,,0.641000,0.522218,
A14,0,13,114168.681000,71947.822000,17591.129000,,,31.846000,2.437000,32.474000,3.984000,,,,,,,,,,,,,0.627000,,
A15,0,14,118650.575000,71947.822000,17591.129000,,,31.820000,2.421000,32.458000,3.984000,,,,,,,,,,,,,0.637000,,
A16,0,15,123132.468000,71947.822000,17591.129000,,,,,,,31.812000,2.390000,32.452000,2.046000,,,34.864000,0.781000,,,,,0.640000,0.856067,
A17,0,16,127614.362000,71947.822000,17591.129000,,,,,,,31.816000,2.375000,32.460000,3.609000,,,34.804000,0.734000,,,,,0.644000,1.519579,
A18,0,17,132096.255000,71947.822000,17591.129000,,,31.822000,2.406000,32.474000,3.984000,,,,,,,,,,,,,0.651000,,
A19,0,18,136578.149000,71947.822000,17591.129000,,,31.832000,2.390000,32.482000,3.984000,,,,,,,,,,,,,0.649000,,
A20,0,19,141060.042000,71947.822000,17591.129000,,,,,,,31.844000,2.375000,32.488000,3.390000,,,34.848000,0.812000,,,,,0.644000,1.427368,
A21,0,20,145541.936000,71947.822000,17591.129000,,,,,,,31.860000,2.406000,32.504000,3.234000,,,34.858000,0.796000,,,,,0.643000,1.344140,
A22,0,21,150023.829000,71947.822000,17591.129000,,,31.874000,2.406000,32.516000,3.984000,,,,,,,,,,,,,0.641000,,
A23,0,22,154505.723000,71947.822000,17591.129000,,,,,,,31.884000,2.406000,32.526000,1.593000,,,35.002000,0.843000,,,,,0.641000,0.662095,
A24,0,23,158987.616000,71947.822000,17591.129000,,,31.882000,2.453000,32.526000,3.984000,,,,,,,,,,,,,0.643000,,
B1,1,0,55910.257000,67465.822000,17591.129000,,,31.910000,2.484000,32.550000,3.984000,,,,,,,,,,,,,0.639000,,
B2,1,1,60392.150000,67465.822000,17591.129000,,,31.904000,2.468000,32.548000,3.984000,,,,,,,,,,,,,0.644000,,
B3,1,2,64874.044000,67465.822000,17591.129000,,,31.890000,2.468000,32.532000,3.984000,,,,,,,,,,,,,0.641000,,
B4,1,3,69355.937000,67465.822000,17591.129000,,,31.874000,2.406000,32.520000,3.984000,,,,,,,,,,,,,0.645000,,
B5,1,4,73837.831000,67465.822000,17591.129000,,,,,,,31.860000,2.406000,32.506000,1.453000,,,35.182000,1.781000,,,,,0.646000,0.603907,
B6,1,5,78319.724000,67465.822000,17591.129000,,,31.848000,2.406000,32.492000,3.984000,,,,,,,,,,,,,0.643000,,
B7,1,6,82801.618000,67465.822000,17591.129000,,,,,,,31.840000,2.390000,32.482000,1.531000,,,33.280000,1.437000,,,,,0.641000,0.640586,
B8,1,7,87283.511000,67465.822000,17591.129000,,,31.828000,2.390000,32.470000,3.984000,,,,,,,,,,,,,0.641000,,
B9,1,8,91765.405000,67465.822000,17591.129000,,,,,,,31.824000,2.390000,32.460000,1.203000,,,35.292000,0.859000,,,,,0.636000,0.503347,
B10,1,9,96247.298000,67465.822000,17591.129000,,,31.824000,2.437000,32.466000,3.984000,,,,,,,,,,,,,0.642000,,
B11,1,10,100729.192000,67465.822000,17591.129000,,,31.850000,2.468000,32.484000,3.984000,,,,,,,,,,,,,0.634000,,
B12,1,11,105211.085000,67465.822000,17591.129000,,,31.810000,2.453000,32.462000,3.984000,,,,,,,,,,,,,0.651000,,
B13,1,12,109692.979000,67465.822000,17591.129000,,,31.810000,2.437000,32.458000,3.984000,,,,,,,,,,,,,0.647000,,
B14,1,13,114174.872000,67465.822000,17591.129000,,,31.850000,2.453000,32.484000,3.984000,,,,,,,,,,,,,0.634000,,
B15,1,14,118656.766000,67465.822000,17591.129000,,,31.818000,2.437000,32.460000,3.984000,,,,,,,,,,,,,0.642000,,
B16,1,15,123138.659000,67465.822000,17591.129000,,,31.814000,2.421000,32.456000,3.984000,,,,,,,,,,,,,0.641000,,
B17,1,16,127620.553000,67465.822000,17591.129000,,,31.820000,2.406000,32.462000,3.984000,,,,,,,,,,,,,0.641000,,
B18,1,17,132102.446000,67465.822000,17591.129000,,,31.826000,2.390000,32.470000,3.984000,,,,,,,,,,,,,0.643000,,
B19,1,18,136584.340000,67465.822000,17591.129000,,,31.836000,2.390000,32.480000,3.984000,,,,,,,,,,,,,0.643000,,
B20,1,19,141066.233000,67465.822000,17591.129000,,,,,,,31.844000,2.406000,32.492000,1.468000,,,35.114000,0.609000,,,,,0.647000,0.610141,
B21,1,20,145548.127000,67465.822000,17591.129000,,,31.858000,2.390000,32.504000,3.984000,,,,,,,,,,,,,0.645000,,
B22,1,21,150030.020000,67465.822000,17591.129000,,,,,,,31.870000,2.437000,32.514000,1.437000,,,35.350000,0.468000,,,,,0.643000,0.589659,
B23,1,22,154511.914000,67465.822000,17591.129000,,,31.886000,2.453000,32.528000,3.984000,,,,,,,,,,,,,0.641000,,
B24,1,23,158993.807000,67465.822000,17591.129000,,,31.890000,2.468000,32.532000,3.984000,,,,,,,,,,,,,0.641000,,
C1,2,0,55904.066000,62983.822000,17591.129000,,,31.914000,2.515000,32.554000,3.984000,,,,,,,,,,,,,0.640000,,
C2,2,1,60385.959000,62983.822000,17591.129000,,,,,,,31.900000,2.453000,32.544000,1.578000,,,35.834000,2.390000,,,,,0.643000,0.643294,
C3,2,2,64867.853000,62983.822000,17591.129000,,,31.878000,2.421000,32.524000,3.984000,,,,,,,,,,,,,0.646000,,
C4,2,3,69349.746000,62983.822000,17591.129000,,,31.862000,2.421000,32.508000,3.984000,,,,,,,,,,,,,0.645000,,
C5,2,4,73831.640000,62983.822000,17591.129000,,,31.846000,2.421000,32.494000,3.984000,,,,,,,,,,,,,0.647000,,
C6,2,5,78313.533000,62983.822000,17591.129000,,,31.832000,2.390000,32.478000,3.984000,,,,,,,,,,,,,0.646000,,
C7,2,6,82795.427000,62983.822000,17591.129000,,,31.822000,2.406000,32.468000,3.984000,,,,,,,,,,,,,0.645000,,
C8,2,7,87277.320000,62983.822000,17591.129000,,,31.816000,2.375000,32.462000,3.984000,,,,,,,,,,,,,0.645000,,
C9,2,8,91759.214000,62983.822000,17591.129000,,,31.806000,2.406000,32.454000,3.984000,,,,,,,,,,,,,0.648000,,
C10,2,9,96241.107000,62983.822000,17591.129000,,,31.806000,2.453000,32.446000,3.984000,,,,,,,,,,,,,0.640000,,
C11,2,10,100723.001000,62983.822000,17591.129000,,,31.820000,2.437000,32.458000,3.984000,,,,,,,,,,,,,0.637000,,
C12,2,11,105204.894000,62983.822000,17591.129000,,,31.790000,2.390000,32.444000,3.984000,,,,,,,,,,,,,0.654000,,
C13,2,12,109686.788000,62983.822000,17591.129000,,,31.792000,2.375000,32.446000,3.984000,,,,,,,,,,,,,0.653000,,
C14,2,13,114168.681000,62983.822000,17591.129000,,,31.822000,2.437000,32.460000,3.984000,,,,,,,,,,,,,0.638000,,
C15,2,14,118650.575000,62983.822000,17591.129000,,,31.796000,2.453000,32.440000,3.984000,,,,,,,,,,,,,0.643000,,
C16,2,15,123132.468000,62983.822000,17591.129000,,,31.796000,2.406000,32.444000,3.984000,,,,,,,,,,,,,0.648000,,
C17,2,16,127614.362000,62983.822000,17591.129000,,,31.806000,2.406000,32.452000,3.984000,,,,,,,,,,,,,0.646000,,
C18,2,17,132096.255000,62983.822000,17591.129000,,,31.812000,2.390000,32.460000,3.984000,,,,,,,,,,,,,0.648000,,
C19,2,18,136578.149000,62983.822000,17591.129000,,,31.818000,2.390000,32.466000,3.984000,,,,,,,,,,,,,0.648000,,
C20,2,19,141060.042000,62983.822000,17591.129000,,,31.828000,2.390000,32.476000,3.984000,,,,,,,,,,,,,0.647000,,
C21,2,20,145541.936000,62983.822000,17591.129000,,,31.840000,2.390000,32.490000,3.984000,,,,,,,,,,,,,0.650000,,
C22,2,21,150023.829000,62983.822000,17591.129000,,,31.856000,2.390000,32.504000,3.984000,,,,,,,,,,,,,0.647000,,
C23,2,22,154505.723000,62983.822000,17591.129000,,,31.874000,2.421000,32.520000,3.984000,,,,,,,,,,,,,0.645000,,
C24,2,23,158987.616000,62983.822000,17591.129000,,,31.888000,2.468000,32.532000,3.984000,,,,,,,,,,,,,0.643000,,
D1,3,0,55910.257000,58501.822000,17591.129000,,,31.918000,2.515000,32.560000,3.984000,,,,,,,,,,,,,0.642000,,
D2,3,1,60392.150000,58501.822000,17591.129000,,,31.896000,2.421000,32.540000,3.984000,,,,,,,,,,,,,0.643000,,
D3,3,2,64874.044000,58501.822000,17591.129000,,,31.870000,2.406000,32.516000,3.984000,,,,,,,,,,,,,0.646000,,
D4,3,3,69355.937000,58501.822000,17591.129000,,,31.846000,2.390000,32.492000,3.984000,,,,,,,,,,,,,0.645000,,
D5,3,4,73837.831000,58501.822000,17591.129000,,,31.830000,2.390000,32.478000,3.984000,,,,,,,,,,,,,0.648000,,
D6,3,5,78319.724000,58501.822000,17591.129000,,,31.816000,2.375000,32.464000,3.984000,,,,,,,,,,,,,0.647000,,
D7,3,6,82801.618000,58501.822000,17591.129000,,,31.806000,2.359000,32.454000,3.984000,,,,,,,,,,,,,0.648000,,
D8,3,7,87283.511000,58501.822000,17591.129000,,,31.802000,2.406000,32.452000,3.984000,,,,,,,,,,,,,0.649000,,
D9,3,8,91765.405000,58501.822000,17591.129000,,,31.794000,2.406000,32.440000,3.984000,,,,,,,,,,,,,0.645000,,
D10,3,9,96247.298000,58501.822000,17591.129000,,,31.794000,2.390000,32.438000,3.984000,,,,,,,,,,,,,0.644000,,
D11,3,10,100729.192000,58501.822000,17591.129000,,,31.796000,2.437000,32.438000,3.984000,,,,,,,,,,,,,0.642000,,
D12,3,11,105211.085000,58501.822000,17591.129000,,,31.780000,2.359000,32.434000,3.984000,,,,,,,,,,,,,0.653000,,
D13,3,12,109692.979000,58501.822000,17591.129000,,,31.784000,2.312000,32.438000,3.984000,,,,,,,,,,,,,0.654000,,
D14,3,13,114174.872000,58501.822000,17591.129000,,,31.796000,2.437000,32.434000,3.984000,,,,,,,,,,,,,0.637000,,
D15,3,14,118656.766000,58501.822000,17591.129000,,,31.782000,2.421000,32.428000,3.984000,,,,,,,,,,,,,0.645000,,
D16,3,15,123138.659000,58501.822000,17591.129000,,,31.780000,2.390000,32.428000,3.984000,,,,,,,,,,,,,0.647000,,
D17,3,16,127620.553000,58501.822000,17591.129000,,,31.790000,2.375000,32.438000,3.984000,,,,,,,,,,,,,0.648000,,
D18,3,17,132102.446000,58501.822000,17591.129000,,,31.798000,2.375000,32.446000,3.984000,,,,,,,,,,,,,0.647000,,
D19,3,18,136584.340000,58501.822000,17591.129000,,,31.800000,2.375000,32.450000,3.984000,,,,,,,,,,,,,0.650000,,
D20,3,19,141066.233000,58501.822000,17591.129000,,,31.808000,2.359000,32.458000,3.984000,,,,,,,,,,,,,0.649000,,
D21,3,20,145548.127000,58501.822000,17591.129000,,,31.820000,2.375000,32.470000,3.984000,,,,,,,,,,,,,0.649000,,
D22,3,21,150030.020000,58501.822000,17591.129000,,,31.840000,2.390000,32.488000,3.984000,,,,,,,,,,,,,0.647000,,
D23,3,22,154511.914000,58501.822000,17591.129000,,,31.864000,2.437000,32.510000,3.984000,,,,,,,,,,,,,0.645000,,
D24,3,23,158993.807000,58501.822000,17591.129000,,,31.882000,2.484000,32.524000,3.984000,,,,,,,,,,,,,0.642000,,
E1,4,0,55904.066000,54019.822000,17591.129000,,,31.922000,2.468000,32.564000,1.875000,,,,,,,,,,,,,0.641000,,
E2,4,1,60385.959000,54019.822000,17591.129000,,,31.896000,2.437000,32.536000,2.500000,,,,,,,,,,,,,0.640000,,
E3,4,2,64867.853000,54019.822000,17591.129000,,,,,,,31.866000,2.421000,32.510000,1.843000,,,35.922000,0.531000,,,,,0.643000,0.761256,
E4,4,3,69349.746000,54019.822000,17591.129000,,,31.842000,2.390000,32.490000,1.812000,,,,,,,,,,,,,0.648000,,
E5,4,4,73831.640000,54019.822000,17591.129000,,,,,,,31.826000,2.359000,32.476000,1.640000,,,35.438000,0.468000,,,,,0.649000,0.695210,
E6,4,5,78313.533000,54019.822000,17591.129000,,,,,,,31.812000,2.375000,32.462000,1.531000,,,36.012000,0.859000,,,,,0.649000,0.644632,
E7,4,6,82795.427000,54019.822000,17591.129000,,,,,,,31.800000,2.375000,32.450000,1.562000,,,35.856000,0.718000,,,,,0.650000,0.657684,
E8,4,7,87277.320000,54019.822000,17591.129000,,,31.788000,2.375000,32.438000,1.625000,,,,,,,,,,,,,0.650000,,
E9,4,8,91759.214000,54019.822000,17591.129000,,,,,,,31.782000,2.375000,32.430000,1.718000,,,35.448000,0.656000,,,,,0.647000,0.723368,
E10,4,9,96241.107000,54019.822000,17591.129000,,,,,,,31.784000,2.406000,32.436000,1.578000,,,36.002000,0.656000,,,,,0.652000,0.655860,
E11,4,10,100723.001000,54019.822000,17591.129000,,,,,,,31.790000,2.421000,32.442000,1.609000,,,35.936000,0.562000,,,,,0.652000,0.664601,
E12,4,11,105204.894000,54019.822000,17591.129000,,,,,,,31.778000,2.359000,32.430000,1.468000,,,35.956000,0.359000,,,,,0.652000,0.622298,
E13,4,12,109686.788000,54019.822000,17591.129000,,,,,,,31.782000,2.343000,32.436000,1.500000,,,35.954000,0.437000,,,,,0.653000,0.640205,
E14,4,13,114168.681000,54019.822000,17591.129000,,,,,,,31.784000,2.406000,32.426000,1.718000,,,34.238000,0.531000,,,,,0.642000,0.714048,
E15,4,14,118650.575000,54019.822000,17591.129000,,,,,,,31.772000,2.390000,32.422000,1.562000,,,36.004000,0.671000,,,,,0.649000,0.653556,
E16,4,15,123132.468000,54019.822000,17591.129000,,,,,,,31.768000,2.359000,32.420000,1.593000,,,36.024000,0.515000,,,,,0.652000,0.675286,
E17,4,16,127614.362000,54019.822000,17591.129000,,,,,,,31.772000,2.375000,32.424000,1.593000,,,36.036000,0.843000,,,,,0.652000,0.670737,
E18,4,17,132096.255000,54019.822000,17591.129000,,,,,,,31.784000,2.359000,32.434000,1.593000,,,36.016000,0.312000,,,,,0.649000,0.675286,
E19,4,18,136578.149000,54019.822000,17591.129000,,,,,,,31.792000,2.343000,32.444000,1.562000,,,36.028000,0.375000,,,,,0.652000,0.666667,
E20,4,19,141060.042000,54019.822000,17591.129000,,,,,,,31.802000,2.343000,32.452000,1.593000,,,36.046000,0.312000,,,,,0.649000,0.679898,
E21,4,20,145541.936000,54019.822000,17591.129000,,,,,,,31.814000,2.359000,32.462000,1.671000,,,36.060000,0.750000,,,,,0.647000,0.708351,
E22,4,21,150023.829000,54019.822000,17591.129000,,,,,,,31.830000,2.375000,32.478000,1.687000,,,36.086000,0.421000,,,,,0.648000,0.710316,
E23,4,22,154505.723000,54019.822000,17591.129000,,,31.856000,2.406000,32.504000,1.796000,,,,,,,,,,,,,0.647000,,
E24,4,23,158987.616000,54019.822000,17591.129000,,,,,,,31.878000,2.453000,32.520000,1.640000,,,36.112000,0.437000,,,,,0.641000,0.668569,
F1,5,0,55910.257000,49537.822000,17591.129000,,,,,,,31.928000,2.515000,32.570000,1.984000,,,33.966000,3.984000,,,,,0.641000,0.788867,
F2,5,1,60392.150000,49537.822000,17591.129000,,,,,,,31.902000,2.453000,32.548000,1.968000,,,33.916000,3.984000,,,,,0.646000,0.802283,
F3,5,2,64874.044000,49537.822000,17591.129000,,,,,,,31.870000,2.421000,32.518000,1.968000,,,33.934000,3.984000,,,,,0.648000,0.812887,
F4,5,3,69355.937000,49537.822000,17591.129000,,,,,,,31.844000,2.390000,32.494000,1.968000,,,33.900000,3.984000,,,,,0.650000,0.823431,
F5,5,4,73837.831000,49537.822000,17591.129000,,,,,,,31.826000,2.390000,32.474000,1.937000,,,33.878000,3.984000,,,,,0.647000,0.810460,
F6,5,5,78319.724000,49537.822000,17591.129000,,,31.808000,2.375000,32.458000,3.984000,,,,,,,,,,,,,0.649000,,
F7,5,6,82801.618000,49537.822000,17591.129000,,,,,,,31.794000,2.375000,32.444000,1.937000,,,33.836000,3.984000,,,,,0.650000,0.815579,
F8,5,7,87283.511000,49537.822000,17591.129000,,,,,,,31.788000,2.343000,32.438000,1.968000,,,33.836000,3.984000,,,,,0.650000,0.839949,
F9,5,8,91765.405000,49537.822000,17591.129000,,,,,,,31.782000,2.359000,32.434000,1.937000,,,33.848000,3.984000,,,,,0.651000,0.821111,
F10,5,9,96247.298000,49537.822000,17591.129000,,,,,,,31.784000,2.375000,32.438000,1.937000,,,33.838000,3.984000,,,,,0.654000,0.815579,
F11,5,10,100729.192000,49537.822000,17591.129000,,,,,,,31.786000,2.375000,32.442000,1.953000,,,33.836000,3.984000,,,,,0.656000,0.822316,
F12,5,11,105211.085000,49537.822000,17591.129000,,,,,,,31.780000,2.375000,32.432000,1.859000,,,33.832000,3.984000,,,,,0.652000,0.782737,
F13,5,12,109692.979000,49537.822000,17591.129000,,,,,,,31.784000,2.343000,32.436000,1.859000,,,33.834000,3.984000,,,,,0.652000,0.793427,
F14,5,13,114174.872000,49537.822000,17591.129000,,,,,,,31.778000,2.375000,32.428000,1.937000,,,33.838000,3.984000,,,,,0.649000,0.815579,
F15,5,14,118656.766000,49537.822000,17591.129000,,,,,,,31.766000,2.343000,32.420000,1.875000,,,33.814000,3.984000,,,,,0.654000,0.800256,
F16,5,15,123138.659000,49537.822000,17591.129000,,,,,,,31.764000,2.359000,32.414000,1.906000,,,33.844000,3.984000,,,,,0.650000,0.807969,
F17,5,16,127620.553000,49537.822000,17591.129000,,,,,,,31.766000,2.375000,32.418000,1.906000,,,33.826000,3.984000,,,,,0.652000,0.802526,
F18,5,17,132102.446000,49537.822000,17591.129000,,,,,,,31.774000,2.343000,32.424000,1.906000,,,33.832000,3.984000,,,,,0.649000,0.813487,
F19,5,18,136584.340000,49537.822000,17591.129000,,,,,,,31.784000,2.343000,32.434000,1.875000,,,33.902000,3.984000,,,,,0.649000,0.800256,
F20,5,19,141066.233000,49537.822000,17591.129000,,,,,,,31.796000,2.343000,32.448000,1.875000,,,33.852000,3.984000,,,,,0.652000,0.800256,
F21,5,20,145548.127000,49537.822000,17591.129000,,,,,,,31.808000,2.375000,32.458000,1.906000,,,33.868000,3.984000,,,,,0.649000,0.802526,
F22,5,21,150030.020000,49537.822000,17591.129000,,,,,,,31.828000,2.390000,32.476000,1.906000,,,33.900000,3.984000,,,,,0.647000,0.797490,
F23,5,22,154511.914000,49537.822000,17591.129000,,,,,,,31.856000,2.437000,32.500000,1.968000,,,33.910000,3.984000,,,,,0.644000,0.807550,
F24,5,23,158993.807000,49537.822000,17591.129000,,,,,,,31.876000,2.453000,32.518000,1.984000,,,33.930000,3.984000,,,,,0.642000,0.808806,
G1,6,0,55904.066000,45055.822000,17591.129000,,,,,,,31.938000,2.484000,32.578000,1.984000,,,34.392000,3.984000,,,,,0.639000,0.798712,
G2,6,1,60385.959000,45055.822000,17591.129000,,,,,,,31.908000,2.437000,32.554000,1.984000,,,34.344000,3.984000,,,,,0.646000,0.814116,
G3,6,2,64867.853000,45055.822000,17591.129000,,,,,,,31.874000,2.421000,32.520000,1.968000,,,34.360000,3.984000,,,,,0.645000,0.812887,
G4,6,3,69349.746000,45055.822000,17591.129000,,,,,,,31.846000,2.406000,32.492000,2.031000,,,34.344000,3.984000,,,,,0.645000,0.844140,
G5,6,4,73831.640000,45055.822000,17591.129000,,,,,,,31.824000,2.375000,32.472000,2.000000,,,34.300000,3.984000,,,,,0.648000,0.842105,
G6,6,5,78313.533000,45055.822000,17591.129000,,,,,,,31.808000,2.359000,32.456000,2.000000,,,34.268000,3.984000,,,,,0.647000,0.847817,
G7,6,6,82795.427000,45055.822000,17591.129000,,,,,,,31.796000,2.375000,32.446000,2.000000,,,34.256000,3.984000,,,,,0.649000,0.842105,
G8,6,7,87277.320000,45055.822000,17591.129000,,,,,,,31.790000,2.343000,32.442000,2.000000,,,34.252000,3.984000,,,,,0.652000,0.853606,
G9,6,8,91759.214000,45055.822000,17591.129000,,,31.788000,2.343000,32.440000,3.984000,,,,,,,,,,,,,0.651000,,
G10,6,9,96241.107000,45055.822000,17591.129000,,,,,,,31.788000,2.343000,32.442000,1.968000,,,34.240000,3.984000,,,,,0.653000,0.839949,
G11,6,10,100723.001000,45055.822000,17591.129000,,,,,,,31.788000,2.343000,32.442000,1.937000,,,34.260000,3.984000,,,,,0.653000,0.826718,
G12,6,11,105204.894000,45055.822000,17591.129000,,,,,,,31.782000,2.359000,32.434000,1.875000,,,34.244000,3.984000,,,,,0.651000,0.794828,
G13,6,12,109686.788000,45055.822000,17591.129000,,,,,,,31.784000,2.343000,32.436000,1.906000,,,34.252000,3.984000,,,,,0.652000,0.813487,
G14,6,13,114168.681000,45055.822000,17591.129000,,,,,,,31.782000,2.343000,32.434000,1.953000,,,34.246000,3.984000,,,,,0.651000,0.833547,
G15,6,14,118650.575000,45055.822000,17591.129000,,,,,,,31.770000,2.343000,32.422000,1.937000,,,34.498000,3.984000,,,,,0.651000,0.826718,
G16,6,15,123132.468000,45055.822000,17591.129000,,,,,,,31.768000,2.343000,32.420000,1.953000,,,34.254000,3.984000,,,,,0.652000,0.833547,
G17,6,16,127614.362000,45055.822000,17591.129000,,,,,,,31.766000,2.343000,32.416000,1.937000,,,34.232000,3.984000,,,,,0.649000,0.826718,
G18,6,17,132096.255000,45055.822000,17591.129000,,,,,,,31.770000,2.343000,32.420000,1.937000,,,34.228000,3.984000,,,,,0.650000,0.826718,
G19,6,18,136578.149000,45055.822000,17591.129000,,,,,,,31.778000,2.343000,32.428000,1.921000,,,34.240000,3.984000,,,,,0.649000,0.819889,
G20,6,19,141060.042000,45055.822000,17591.129000,,,,,,,31.790000,2.375000,32.438000,1.906000,,,34.256000,3.984000,,,,,0.648000,0.802526,
G21,6,20,145541.936000,45055.822000,17591.129000,,,,,,,31.806000,2.375000,32.454000,1.906000,,,34.274000,3.984000,,,,,0.648000,0.802526,
G22,6,21,150023.829000,45055.822000,17591.129000,,,,,,,31.824000,2.390000,32.472000,1.890000,,,34.300000,3.984000,,,,,0.648000,0.790795,
G23,6,22,154505.723000,45055.822000,17591.129000,,,,,,,31.852000,2.437000,32.500000,1.875000,,,34.318000,3.984000,,,,,0.647000,0.769389,
G24,6,23,158987.616000,45055.822000,17591.129000,,,,,,,31.876000,2.453000,32.518000,1.890000,,,34.362000,3.984000,,,,,0.642000,0.770485,
H1,7,0,55910.257000,40573.822000,17591.129000,,,,,,,31.946000,2.515000,32.582000,1.921000,,,34.136000,3.984000,,,,,0.636000,0.763817,
H2,7,1,60392.150000,40573.822000,17591.129000,,,,,,,31.920000,2.484000,32.562000,1.953000,,,34.408000,3.984000,,,,,0.641000,0.786232,
H3,7,2,64874.044000,40573.822000,17591.129000,,,,,,,31.888000,2.484000,32.532000,1.968000,,,34.306000,3.984000,,,,,0.643000,0.792271,
H4,7,3,69355.937000,40573.822000,17591.129000,,,,,,,31.864000,2.468000,32.508000,1.968000,,,34.174000,3.984000,,,,,0.643000,0.797407,
H5,7,4,73837.831000,40573.822000,17591.129000,,,,,,,31.840000,2.437000,32.488000,1.968000,,,34.390000,3.984000,,,,,0.647000,0.807550,
H6,7,5,78319.724000,40573.822000,17591.129000,,,,,,,31.820000,2.406000,32.468000,1.953000,,,34.242000,3.984000,,,,,0.647000,0.811721,
H7,7,6,82801.618000,40573.822000,17591.129000,,,,,,,31.810000,2.375000,32.458000,1.953000,,,34.270000,3.984000,,,,,0.647000,0.822316,
H8,7,7,87283.511000,40573.822000,17591.129000,,,,,,,31.802000,2.375000,32.452000,1.937000,,,34.252000,3.984000,,,,,0.649000,0.815579,
H9,7,8,91765.405000,40573.822000,17591.129000,,,,,,,31.800000,2.359000,32.450000,1.937000,,,34.258000,3.984000,,,,,0.650000,0.821111,
H10,7,9,96247.298000,40573.822000,17591.129000,,,,,,,31.800000,2.375000,32.452000,1.906000,,,34.364000,3.984000,,,,,0.651000,0.802526,
H11,7,10,100729.192000,40573.822000,17591.129000,,,,,,,31.798000,2.375000,32.448000,1.859000,,,34.196000,3.984000,,,,,0.650000,0.782737,
H12,7,11,105211.085000,40573.822000,17591.129000,,,,,,,31.792000,2.390000,32.442000,1.796000,,,34.212000,3.984000,,,,,0.650000,0.751464,
H13,7,12,109692.979000,40573.822000,17591.129000,,,,,,,31.790000,2.406000,32.436000,1.828000,,,34.272000,3.984000,,,,,0.646000,0.759767,
H14,7,13,114174.872000,40573.822000,17591.129000,,,,,,,31.790000,2.343000,32.440000,1.890000,,,34.354000,3.984000,,,,,0.649000,0.806658,
H15,7,14,118656.766000,40573.822000,17591.129000,,,,,,,31.780000,2.343000,32.432000,1.906000,,,34.336000,3.984000,,,,,0.652000,0.813487,
H16,7,15,123138.659000,40573.822000,17591.129000,,,,,,,31.774000,2.343000,32.426000,1.906000,,,34.278000,3.984000,,,,,0.652000,0.813487,
H17,7,16,127620.553000,40573.822000,17591.129000,,,,,,,31.776000,2.343000,32.426000,1.906000,,,34.038000,3.984000,,,,,0.650000,0.813487,
H18,7,17,132102.446000,40573.822000,17591.129000,,,,,,,31.778000,2.359000,32.428000,1.921000,,,34.134000,3.984000,,,,,0.649000,0.814328,
H19,7,18,136584.340000,40573.822000,17591.129000,,,,,,,31.786000,2.390000,32.434000,1.953000,,,34.364000,3.984000,,,,,0.647000,0.817155,
H20,7,19,141066.233000,40573.822000,17591.129000,,,,,,,31.800000,2.406000,32.446000,1.937000,,,34.262000,3.984000,,,,,0.645000,0.805071,
H21,7,20,145548.127000,40573.822000,17591.129000,,,,,,,31.812000,2.390000,32.458000,1.937000,,,34.304000,3.984000,,,,,0.646000,0.810460,
H22,7,21,150030.020000,40573.822000,17591.129000,,,,,,,31.834000,2.437000,32.478000,1.953000,,,34.250000,3.984000,,,,,0.644000,0.801395,
H23,7,22,154511.914000,40573.822000,17591.129000,,,,,,,31.858000,2.453000,32.500000,1.984000,,,34.428000,3.984000,,,,,0.641000,0.808806,
H24,7,23,158993.807000,40573.822000,17591.129000,,,,,,,31.880000,2.468000,32.514000,1.921000,,,34.444000,3.984000,,,,,0.633000,0.778363,
I1,8,0,55904.066000,36091.822000,17591.129000,,,,,,,31.958000,2.515000,32.592000,2.015000,,,34.316000,3.984000,,,,,0.634000,0.801193,
I2,8,1,60385.959000,36091.822000,17591.129000,,,,,,,31.932000,2.484000,32.572000,2.031000,,,34.338000,3.984000,,,,,0.640000,0.817633,
I3,8,2,64867.853000,36091.822000,17591.129000,,,,,,,31.900000,2.484000,32.542000,2.000000,,,34.134000,3.984000,,,,,0.642000,0.805153,
I4,8,3,69349.746000,36091.822000,17591.129000,,,,,,,31.870000,2.453000,32.516000,2.000000,,,34.322000,3.984000,,,,,0.646000,0.815328,
I5,8,4,73831.640000,36091.822000,17591.129000,,,,,,,31.852000,2.437000,32.498000,2.000000,,,34.326000,3.984000,,,,,0.645000,0.820681,
I6,8,5,78313.533000,36091.822000,17591.129000,,,,,,,31.830000,2.406000,32.478000,1.984000,,,34.298000,3.984000,,,,,0.648000,0.824605,
I7,8,6,82795.427000,36091.822000,17591.129000,,,,,,,31.818000,2.375000,32.468000,1.968000,,,34.300000,3.984000,,,,,0.649000,0.828632,
I8,8,7,87277.320000,36091.822000,17591.129000,,,,,,,31.810000,2.375000,32.460000,1.968000,,,34.300000,3.984000,,,,,0.650000,0.828632,
I9,8,8,91759.214000,36091.822000,17591.129000,,,,,,,31.806000,2.359000,32.456000,1.937000,,,34.022000,3.984000,,,,,0.649000,0.821111,
I10,8,9,96241.107000,36091.822000,17591.129000,,,,,,,31.806000,2.343000,32.458000,1.937000,,,34.210000,3.984000,,,,,0.652000,0.826718,
I11,8,10,100723.001000,36091.822000,17591.129000,,,,,,,31.806000,2.343000,32.456000,1.921000,,,34.278000,3.984000,,,,,0.649000,0.819889,
I12,8,11,105204.894000,36091.822000,17591.129000,,,,,,,31.800000,2.406000,32.448000,1.812000,,,34.278000,3.984000,,,,,0.647000,0.753117,
I13,8,12,109686.788000,36091.822000,17591.129000,,,,,,,31.796000,2.421000,32.442000,1.796000,,,34.248000,3.984000,,,,,0.646000,0.741842,
I14,8,13,114168.681000,36091.822000,17591.129000,,,,,,,31.794000,2.375000,32.446000,1.890000,,,34.272000,3.984000,,,,,0.651000,0.795789,
I15,8,14,118650.575000,36091.822000,17591.129000,,,,,,,31.790000,2.375000,32.440000,1.921000,,,34.224000,3.984000,,,,,0.649000,0.808842,
I16,8,15,123132.468000,36091.822000,17591.129000,,,,,,,31.784000,2.359000,32.434000,1.937000,,,34.264000,3.984000,,,,,0.649000,0.821111,
I17,8,16,127614.362000,36091.822000,17591.129000,,,,,,,31.782000,2.375000,32.432000,1.937000,,,34.254000,3.984000,,,,,0.650000,0.815579,
I18,8,17,132096.255000,36091.822000,17591.129000,,,,,,,31.784000,2.375000,32.434000,1.937000,,,34.266000,3.984000,,,,,0.649000,0.815579,
I19,8,18,136578.149000,36091.822000,17591.129000,,,,,,,31.790000,2.390000,32.438000,1.953000,,,34.336000,3.984000,,,,,0.648000,0.817155,
I20,8,19,141060.042000,36091.822000,17591.129000,,,,,,,31.804000,2.421000,32.450000,1.968000,,,34.206000,3.984000,,,,,0.646000,0.812887,
I21,8,20,145541.936000,36091.822000,17591.129000,,,,,,,31.818000,2.453000,32.462000,1.968000,,,34.366000,3.984000,,,,,0.643000,0.802283,
I22,8,21,150023.829000,36091.822000,17591.129000,,,,,,,31.840000,2.468000,32.482000,1.984000,,,34.380000,3.984000,,,,,0.641000,0.803890,
I23,8,22,154505.723000,36091.822000,17591.129000,,,,,,,31.866000,2.453000,32.504000,1.968000,,,34.372000,3.984000,,,,,0.637000,0.802283,
I24,8,23,158987.616000,36091.822000,17591.129000,,,,,,,31.884000,2.515000,32.516000,1.968000,,,34.362000,3.984000,,,,,0.631000,0.782505,
J1,9,0,55910.257000,31609.822000,17591.129000,,,,,,,31.966000,2.500000,32.606000,1.953000,,,34.218000,3.984000,,,,,0.640000,0.781200,
J2,9,1,60392.150000,31609.822000,17591.129000,,,,,,,31.936000,2.468000,32.580000,1.953000,,,34.172000,3.984000,,,,,0.643000,0.791329,
J3,9,2,64874.044000,31609.822000,17591.129000,,,,,,,31.904000,2.437000,32.550000,1.968000,,,34.134000,3.984000,,,,,0.645000,0.807550,
J4,9,3,69355.937000,31609.822000,17591.129000,,,,,,,31.876000,2.421000,32.522000,2.000000,,,34.076000,3.984000,,,,,0.646000,0.826105,
J5,9,4,73837.831000,31609.822000,17591.129000,,,,,,,31.856000,2.390000,32.502000,1.984000,,,34.294000,3.984000,,,,,0.646000,0.830126,
J6,9,5,78319.724000,31609.822000,17591.129000,,,,,,,31.838000,2.390000,32.486000,1.984000,,,34.060000,3.984000,,,,,0.647000,0.830126,
J7,9,6,82801.618000,31609.822000,17591.129000,,,,,,,31.826000,2.359000,32.474000,2.000000,,,34.288000,3.984000,,,,,0.647000,0.847817,
J8,9,7,87283.511000,31609.822000,17591.129000,,,,,,,31.818000,2.359000,32.468000,2.000000,,,34.236000,3.984000,,,,,0.649000,0.847817,
J9,9,8,91765.405000,31609.822000,17591.129000,,,,,,,31.814000,2.359000,32.466000,1.968000,,,34.198000,3.984000,,,,,0.652000,0.834252,
J10,9,9,96247.298000,31609.822000,17591.129000,,,,,,,31.816000,2.359000,32.468000,1.984000,,,34.254000,3.984000,,,,,0.651000,0.841034,
J11,9,10,100729.192000,31609.822000,17591.129000,,,,,,,31.820000,2.359000,32.472000,1.968000,,,34.002000,3.984000,,,,,0.652000,0.834252,
J12,9,11,105211.085000,31609.822000,17591.129000,,,,,,,31.810000,2.375000,32.460000,1.812000,,,34.292000,3.984000,,,,,0.650000,0.762947,
J13,9,12,109692.979000,31609.822000,17591.129000,,,,,,,31.808000,2.359000,32.460000,1.859000,,,34.188000,3.984000,,,,,0.652000,0.788046,
J14,9,13,114174.872000,31609.822000,17591.129000,,,,,,,31.806000,2.359000,32.458000,1.968000,,,34.256000,3.984000,,,,,0.652000,0.834252,
J15,9,14,118656.766000,31609.822000,17591.129000,,,,,,,31.794000,2.343000,32.446000,1.968000,,,34.264000,3.984000,,,,,0.651000,0.839949,
J16,9,15,123138.659000,31609.822000,17591.129000,,,,,,,31.788000,2.343000,32.440000,1.968000,,,34.232000,3.984000,,,,,0.651000,0.839949,
J17,9,16,127620.553000,31609.822000,17591.129000,,,,,,,31.786000,2.343000,32.436000,2.000000,,,34.246000,3.984000,,,,,0.650000,0.853606,
J18,9,17,132102.446000,31609.822000,17591.129000,,,,,,,31.788000,2.359000,32.438000,1.937000,,,34.314000,3.984000,,,,,0.650000,0.821111,
J19,9,18,136584.340000,31609.822000,17591.129000,,,,,,,31.792000,2.375000,32.440000,1.984000,,,34.344000,3.984000,,,,,0.647000,0.835368,
J20,9,19,141066.233000,31609.822000,17591.129000,,,,,,,31.802000,2.375000,32.448000,2.000000,,,34.340000,3.984000,,,,,0.646000,0.842105,
J21,9,20,145548.127000,31609.822000,17591.129000,,,,,,,31.816000,2.390000,32.462000,2.000000,,,34.258000,3.984000,,,,,0.645000,0.836820,
J22,9,21,150030.020000,31609.822000,17591.129000,,,,,,,31.834000,2.421000,32.480000,1.968000,,,34.248000,3.984000,,,,,0.645000,0.812887,
J23,9,22,154511.914000,31609.822000,17591.129000,,,,,,,31.864000,2.453000,32.508000,2.015000,,,34.324000,3.984000,,,,,0.643000,0.821443,
J24,9,23,158993.807000,31609.822000,17591.129000,,,,,,,31.882000,2.468000,32.520000,1.968000,,,34.360000,3.984000,,,,,0.637000,0.797407,
K1,10,0,55904.066000,27127.822000,17591.129000,,,31.980000,2.515000,32.620000,3.984000,,,,,,,,,,,,,0.639000,,
K2,10,1,60385.959000,27127.822000,17591.129000,,,31.952000,2.500000,32.596000,3.984000,,,,,,,,,,,,,0.643000,,
K3,10,2,64867.853000,27127.822000,17591.129000,,,31.924000,2.437000,32.570000,3.984000,,,,,,,,,,,,,0.646000,,
K4,10,3,69349.746000,27127.822000,17591.129000,,,31.898000,2.390000,32.546000,3.984000,,,,,,,,,,,,,0.647000,,
K5,10,4,73831.640000,27127.822000,17591.129000,,,31.874000,2.390000,32.524000,3.984000,,,,,,,,,,,,,0.650000,,
K6,10,5,78313.533000,27127.822000,17591.129000,,,31.856000,2.375000,32.504000,3.984000,,,,,,,,,,,,,0.647000,,
K7,10,6,82795.427000,27127.822000,17591.129000,,,31.842000,2.359000,32.490000,3.984000,,,,,,,,,,,,,0.648000,,
K8,10,7,87277.320000,27127.822000,17591.129000,,,31.832000,2.359000,32.482000,3.984000,,,,,,,,,,,,,0.649000,,
K9,10,8,91759.214000,27127.822000,17591.129000,,,31.830000,2.375000,32.478000,3.984000,,,,,,,,,,,,,0.648000,,
K10,10,9,96241.107000,27127.822000,17591.129000,,,31.824000,2.375000,32.474000,3.984000,,,,,,,,,,,,,0.649000,,
K11,10,10,100723.001000,27127.822000,17591.129000,,,31.828000,2.359000,32.478000,3.984000,,,,,,,,,,,,,0.650000,,
K12,10,11,105204.894000,27127.822000,17591.129000,,,31.824000,2.375000,32.476000,3.984000,,,,,,,,,,,,,0.652000,,
K13,10,12,109686.788000,27127.822000,17591.129000,,,31.820000,2.375000,32.472000,3.984000,,,,,,,,,,,,,0.652000,,
K14,10,13,114168.681000,27127.822000,17591.129000,,,31.814000,2.375000,32.464000,3.984000,,,,,,,,,,,,,0.649000,,
K15,10,14,118650.575000,27127.822000,17591.129000,,,31.802000,2.359000,32.454000,3.984000,,,,,,,,,,,,,0.652000,,
K16,10,15,123132.468000,27127.822000,17591.129000,,,31.800000,2.359000,32.450000,3.984000,,,,,,,,,,,,,0.650000,,
K17,10,16,127614.362000,27127.822000,17591.129000,,,31.798000,2.359000,32.448000,3.984000,,,,,,,,,,,,,0.650000,,
K18,10,17,132096.255000,27127.822000,17591.129000,,,31.798000,2.343000,32.448000,3.984000,,,,,,,,,,,,,0.650000,,
K19,10,18,136578.149000,27127.822000,17591.129000,,,31.804000,2.359000,32.454000,3.984000,,,,,,,,,,,,,0.650000,,
K20,10,19,141060.042000,27127.822000,17591.129000,,,31.814000,2.359000,32.462000,3.984000,,,,,,,,,,,,,0.647000,,
K21,10,20,145541.936000,27127.822000,17591.129000,,,31.828000,2.359000,32.476000,3.984000,,,,,,,,,,,,,0.647000,,
K22,10,21,150023.829000,27127.822000,17591.129000,,,31.844000,2.390000,32.492000,3.984000,,,,,,,,,,,,,0.647000,,
K23,10,22,154505.723000,27127.822000,17591.129000,,,31.866000,2.421000,32.512000,3.984000,,,,,,,,,,,,,0.646000,,
K24,10,23,158987.616000,27127.822000,17591.129000,,,31.888000,2.453000,32.528000,3.984000,,,,,,,,,,,,,0.640000,,
L1,11,0,55910.257000,22645.822000,17591.129000,,,31.996000,2.500000,32.634000,3.984000,,,,,,,,,,,,,0.638000,,
L2,11,1,60392.150000,22645.822000,17591.129000,,,31.968000,2.484000,32.612000,3.984000,,,,,,,,,,,,,0.644000,,
L3,11,2,64874.044000,22645.822000,17591.129000,,,31.942000,2.421000,32.588000,3.984000,,,,,,,,,,,,,0.646000,,
L4,11,3,69355.937000,22645.822000,17591.129000,,,31.920000,2.390000,32.566000,3.984000,,,,,,,,,,,,,0.646000,,
L5,11,4,73837.831000,22645.822000,17591.129000,,,31.898000,2.375000,32.546000,3.984000,,,,,,,,,,,,,0.647000,,
L6,11,5,78319.724000,22645.822000,17591.129000,,,31.882000,2.375000,32.530000,3.984000,,,,,,,,,,,,,0.648000,,
L7,11,6,82801.618000,22645.822000,17591.129000,,,31.870000,2.375000,32.516000,3.984000,,,,,,,,,,,,,0.646000,,
L8,11,7,87283.511000,22645.822000,17591.129000,,,31.854000,2.390000,32.502000,3.984000,,,,,,,,,,,,,0.648000,,
L9,11,8,91765.405000,22645.822000,17591.129000,,,31.850000,2.390000,32.498000,3.984000,,,,,,,,,,,,,0.647000,,
L10,11,9,96247.298000,22645.822000,17591.129000,,,31.848000,2.406000,32.494000,3.984000,,,,,,,,,,,,,0.646000,,
L11,11,10,100729.192000,22645.822000,17591.129000,,,31.852000,2.406000,32.494000,3.984000,,,,,,,,,,,,,0.641000,,
L12,11,11,105211.085000,22645.822000,17591.129000,,,31.842000,2.359000,32.494000,3.984000,,,,,,,,,,,,,0.652000,,
L13,11,12,109692.979000,22645.822000,17591.129000,,,31.840000,2.390000,32.494000,3.984000,,,,,,,,,,,,,0.653000,,
L14,11,13,114174.872000,22645.822000,17591.129000,,,31.836000,2.406000,32.482000,3.984000,,,,,,,,,,,,,0.646000,,
L15,11,14,118656.766000,22645.822000,17591.129000,,,31.826000,2.390000,32.472000,3.984000,,,,,,,,,,,,,0.646000,,
L16,11,15,123138.659000,22645.822000,17591.129000,,,31.818000,2.390000,32.466000,3.984000,,,,,,,,,,,,,0.648000,,
L17,11,16,127620.553000,22645.822000,17591.129000,,,31.816000,2.375000,32.464000,3.984000,,,,,,,,,,,,,0.647000,,
L18,11,17,132102.446000,22645.822000,17591.129000,,,31.818000,2.359000,32.466000,3.984000,,,,,,,,,,,,,0.648000,,
L19,11,18,136584.340000,22645.822000,17591.129000,,,31.826000,2.359000,32.474000,3.984000,,,,,,,,,,,,,0.647000,,
L20,11,19,141066.233000,22645.822000,17591.129000,,,31.834000,2.359000,32.482000,3.984000,,,,,,,,,,,,,0.647000,,
L21,11,20,145548.127000,22645.822000,17591.129000,,,31.842000,2.390000,32.490000,3.984000,,,,,,,,,,,,,0.648000,,
L22,11,21,150030.020000,22645.822000,17591.129000,,,31.856000,2.421000,32.502000,3.984000,,,,,,,,,,,,,0.646000,,
L23,11,22,154511.914000,22645.822000,17591.129000,,,31.874000,2.421000,32.518000,3.984000,,,,,,,,,,,,,0.644000,,
L24,11,23,158993.807000,22645.822000,17591.129000,,,31.892000,2.453000,32.532000,3.984000,,,,,,,,,,,,,0.639000,,
M1,12,0,55904.066000,18163.822000,17591.129000,,,32.012000,2.531000,32.652000,3.984000,,,,,,,,,,,,,0.640000,,
M2,12,1,60385.959000,18163.822000,17591.129000,,,31.992000,2.468000,32.634000,3.984000,,,,,,,,,,,,,0.642000,,
M3,12,2,64867.853000,18163.822000,17591.129000,,,31.968000,2.453000,32.612000,3.984000,,,,,,,,,,,,,0.644000,,
M4,12,3,69349.746000,18163.822000,17591.129000,,,31.942000,2.421000,32.586000,3.984000,,,,,,,,,,,,,0.643000,,
M5,12,4,73831.640000,18163.822000,17591.129000,,,31.930000,2.421000,32.574000,3.984000,,,,,,,,,,,,,0.643000,,
M6,12,5,78313.533000,18163.822000,17591.129000,,,31.916000,2.406000,32.562000,3.984000,,,,,,,,,,,,,0.645000,,
M7,12,6,82795.427000,18163.822000,17591.129000,,,31.902000,2.406000,32.546000,3.984000,,,,,,,,,,,,,0.643000,,
M8,12,7,87277.320000,18163.822000,17591.129000,,,31.888000,2.421000,32.534000,3.984000,,,,,,,,,,,,,0.646000,,
M9,12,8,91759.214000,18163.822000,17591.129000,,,31.876000,2.421000,32.520000,3.984000,,,,,,,,,,,,,0.643000,,
M10,12,9,96241.107000,18163.822000,17591.129000,,,31.874000,2.453000,32.516000,3.984000,,,,,,,,,,,,,0.641000,,
M11,12,10,100723.001000,18163.822000,17591.129000,,,31.882000,2.453000,32.518000,3.984000,,,,,,,,,,,,,0.636000,,
M12,12,11,105204.894000,18163.822000,17591.129000,,,31.864000,2.390000,32.516000,3.984000,,,,,,,,,,,,,0.651000,,
M13,12,12,109686.788000,18163.822000,17591.129000,,,31.862000,2.390000,32.516000,3.984000,,,,,,,,,,,,,0.653000,,
M14,12,13,114168.681000,18163.822000,17591.129000,,,31.866000,2.437000,32.504000,3.984000,,,,,,,,,,,,,0.637000,,
M15,12,14,118650.575000,18163.822000,17591.129000,,,31.848000,2.437000,32.492000,3.984000,,,,,,,,,,,,,0.643000,,
M16,12,15,123132.468000,18163.822000,17591.129000,,,31.842000,2.390000,32.488000,3.984000,,,,,,,,,,,,,0.646000,,
M17,12,16,127614.362000,18163.822000,17591.129000,,,31.842000,2.406000,32.488000,3.984000,,,,,,,,,,,,,0.646000,,
M18,12,17,132096.255000,18163.822000,17591.129000,,,31.848000,2.390000,32.494000,3.984000,,,,,,,,,,,,,0.646000,,
M19,12,18,136578.149000,18163.822000,17591.129000,,,31.852000,2.375000,32.500000,3.984000,,,,,,,,,,,,,0.647000,,
M20,12,19,141060.042000,18163.822000,17591.129000,,,31.858000,2.390000,32.502000,3.984000,,,,,,,,,,,,,0.644000,,
M21,12,20,145541.936000,18163.822000,17591.129000,,,31.862000,2.390000,32.508000,3.984000,,,,,,,,,,,,,0.645000,,
M22,12,21,150023.829000,18163.822000,17591.129000,,,31.872000,2.390000,32.518000,3.984000,,,,,,,,,,,,,0.646000,,
M23,12,22,154505.723000,18163.822000,17591.129000,,,31.888000,2.421000,32.532000,3.984000,,,,,,,,,,,,,0.643000,,
M24,12,23,158987.616000,18163.822000,17591.129000,,,31.898000,2.468000,32.540000,3.984000,,,,,,,,,,,,,0.641000,,
N1,13,0,55910.257000,13681.822000,17591.129000,,,,,,,32.032000,2.546000,32.670000,2.890000,,,35.408000,3.984000,,,,,0.638000,1.135114,
N2,13,1,60392.150000,13681.822000,17591.129000,,,,,,,32.018000,2.500000,32.656000,3.171000,,,36.102000,3.984000,,,,,0.637000,1.268400,
N3,13,2,64874.044000,13681.822000,17591.129000,,,,,,,31.996000,2.437000,32.638000,2.906000,,,35.342000,3.984000,,,,,0.641000,1.192450,
N4,13,3,69355.937000,13681.822000,17591.129000,,,,,,,31.978000,2.437000,32.622000,3.078000,,,36.076000,3.984000,,,,,0.644000,1.263028,
N5,13,4,73837.831000,13681.822000,17591.129000,,,,,,,31.966000,2.437000,32.608000,2.906000,,,35.406000,0.406000,,,,,0.641000,1.192450,
N6,13,5,78319.724000,13681.822000,17591.129000,,,,,,,31.948000,2.437000,32.590000,3.156000,,,36.048000,3.984000,,,,,0.641000,1.295035,
N7,13,6,82801.618000,13681.822000,17591.129000,,,,,,,31.934000,2.421000,32.580000,2.859000,,,35.270000,3.984000,,,,,0.646000,1.180917,
N8,13,7,87283.511000,13681.822000,17591.129000,,,,,,,31.920000,2.437000,32.562000,3.078000,,,35.990000,3.984000,,,,,0.641000,1.263028,
N9,13,8,91765.405000,13681.822000,17591.129000,,,,,,,31.906000,2.437000,32.552000,2.828000,,,35.512000,3.984000,,,,,0.646000,1.160443,
N10,13,9,96247.298000,13681.822000,17591.129000,,,,,,,31.906000,2.468000,32.542000,3.109000,,,36.048000,3.984000,,,,,0.636000,1.259724,
N11,13,10,100729.192000,13681.822000,17591.129000,,,,,,,31.922000,2.453000,32.550000,3.218000,,,35.264000,3.984000,,,,,0.627000,1.311863,
N12,13,11,105211.085000,13681.822000,17591.129000,,,,,,,31.890000,2.421000,32.540000,2.968000,,,35.970000,3.984000,,,,,0.649000,1.225940,
N13,13,12,109692.979000,13681.822000,17591.129000,,,,,,,31.884000,2.453000,32.538000,2.734000,,,35.498000,3.984000,,,,,0.653000,1.114554,
N14,13,13,114174.872000,13681.822000,17591.129000,,,,,,,31.908000,2.468000,32.534000,3.375000,,,35.914000,3.984000,,,,,0.626000,1.367504,
N15,13,14,118656.766000,13681.822000,17591.129000,,,,,,,31.880000,2.468000,32.518000,2.875000,,,35.478000,3.375000,,,,,0.638000,1.164911,
N16,13,15,123138.659000,13681.822000,17591.129000,,,,,,,31.870000,2.453000,32.516000,3.062000,,,35.974000,3.984000,,,,,0.646000,1.248267,
N17,13,16,127620.553000,13681.822000,17591.129000,,,,,,,31.874000,2.406000,32.520000,2.859000,,,35.530000,3.984000,,,,,0.645000,1.188279,
N18,13,17,132102.446000,13681.822000,17591.129000,,,,,,,31.880000,2.406000,32.524000,3.078000,,,35.976000,3.984000,,,,,0.644000,1.279302,
N19,13,18,136584.340000,13681.822000,17591.129000,,,,,,,31.882000,2.406000,32.526000,2.937000,,,35.342000,3.984000,,,,,0.643000,1.220698,
N20,13,19,141066.233000,13681.822000,17591.129000,,,,,,,31.890000,2.406000,32.532000,3.109000,,,35.952000,3.984000,,,,,0.641000,1.292186,
N21,13,20,145548.127000,13681.822000,17591.129000,,,,,,,31.890000,2.390000,32.536000,2.828000,,,35.420000,1.390000,,,,,0.646000,1.183264,
N22,13,21,150030.020000,13681.822000,17591.129000,,,,,,,31.898000,2.390000,32.540000,3.093000,,,35.970000,3.984000,,,,,0.641000,1.294142,
N23,13,22,154511.914000,13681.822000,17591.129000,,,,,,,31.906000,2.453000,32.548000,2.921000,,,35.518000,3.984000,,,,,0.642000,1.190787,
N24,13,23,158993.807000,13681.822000,17591.129000,,,,,,,31.912000,2.484000,32.550000,3.078000,,,35.998000,3.984000,,,,,0.637000,1.239130,
O1,14,0,55904.066000,9199.822000,17591.129000,,,,,,,32.052000,2.531000,32.688000,3.203000,,,36.158000,3.984000,,,,,0.636000,1.265508,
O2,14,1,60385.959000,9199.822000,17591.129000,,,,,,,32.046000,2.531000,32.684000,3.031000,,,35.700000,3.984000,,,,,0.637000,1.197550,
O3,14,2,64867.853000,9199.822000,17591.129000,,,,,,,32.032000,2.500000,32.670000,3.234000,,,36.088000,3.984000,,,,,0.638000,1.293600,
O4,14,3,69349.746000,9199.822000,17591.129000,,,,,,,32.012000,2.437000,32.652000,3.000000,,,35.574000,3.984000,,,,,0.640000,1.231022,
O5,14,4,73831.640000,9199.822000,17591.129000,,,,,,,31.998000,2.453000,32.636000,3.187000,,,36.136000,3.984000,,,,,0.637000,1.299225,
O6,14,5,78313.533000,9199.822000,17591.129000,,,,,,,31.982000,2.453000,32.618000,3.031000,,,35.462000,3.984000,,,,,0.636000,1.235630,
O7,14,6,82795.427000,9199.822000,17591.129000,,,,,,,31.968000,2.421000,32.602000,3.265000,,,36.122000,3.984000,,,,,0.633000,1.348616,
O8,14,7,87277.320000,9199.822000,17591.129000,,,,,,,31.954000,2.453000,32.586000,3.093000,,,35.472000,3.984000,,,,,0.631000,1.260905,
O9,14,8,91759.214000,9199.822000,17591.129000,,,,,,,31.944000,2.437000,32.578000,3.156000,,,36.038000,3.984000,,,,,0.633000,1.295035,
O10,14,9,96241.107000,9199.822000,17591.129000,,,,,,,31.942000,2.453000,32.574000,2.968000,,,35.524000,3.984000,,,,,0.631000,1.209947,
O11,14,10,100723.001000,9199.822000,17591.129000,,,,,,,31.968000,2.500000,32.592000,3.609000,,,35.954000,3.984000,,,,,0.623000,1.443600,
O12,14,11,105204.894000,9199.822000,17591.129000,,,,,,,31.920000,2.468000,32.566000,2.828000,,,35.486000,3.984000,,,,,0.646000,1.145867,
O13,14,12,109686.788000,9199.822000,17591.129000,,,,,,,31.918000,2.468000,32.566000,3.031000,,,36.092000,3.984000,,,,,0.648000,1.228120,
O14,14,13,114168.681000,9199.822000,17591.129000,,,,,,,31.948000,2.484000,32.574000,3.437000,,,35.356000,3.984000,,,,,0.625000,1.383655,
O15,14,14,118650.575000,9199.822000,17591.129000,,,,,,,31.916000,2.453000,32.548000,3.156000,,,36.008000,3.984000,,,,,0.632000,1.286588,
O16,14,15,123132.468000,9199.822000,17591.129000,,,,,,,31.904000,2.437000,32.540000,2.921000,,,35.550000,3.984000,,,,,0.635000,1.198605,
O17,14,16,127614.362000,9199.822000,17591.129000,,,,,,,31.904000,2.437000,32.538000,3.187000,,,36.078000,3.984000,,,,,0.633000,1.307755,
O18,14,17,132096.255000,9199.822000,17591.129000,,,,,,,31.908000,2.437000,32.544000,3.031000,,,35.522000,3.984000,,,,,0.635000,1.243742,
O19,14,18,136578.149000,9199.822000,17591.129000,,,,,,,31.910000,2.421000,32.548000,3.203000,,,36.072000,3.984000,,,,,0.638000,1.323007,
O20,14,19,141060.042000,9199.822000,17591.129000,,,,,,,31.910000,2.421000,32.554000,2.906000,,,35.670000,2.656000,,,,,0.644000,1.200330,
O21,14,20,145541.936000,9199.822000,17591.129000,,,,,,,31.914000,2.406000,32.556000,3.125000,,,36.030000,3.984000,,,,,0.641000,1.298836,
O22,14,21,150023.829000,9199.822000,17591.129000,,,,,,,31.916000,2.453000,32.558000,2.921000,,,35.474000,3.984000,,,,,0.641000,1.190787,
O23,14,22,154505.723000,9199.822000,17591.129000,,,,,,,31.924000,2.468000,32.564000,3.140000,,,36.044000,3.984000,,,,,0.640000,1.272285,
O24,14,23,158987.616000,9199.822000,17591.129000,,,,,,,31.918000,2.468000,32.556000,2.828000,,,35.428000,2.390000,,,,,0.637000,1.145867,
P1,15,0,55910.257000,4717.822000,17591.129000,,,,,,,32.056000,2.578000,32.692000,2.937000,,,35.618000,3.187000,,,,,0.636000,1.139255,
P2,15,1,60392.150000,4717.822000,17591.129000,,,,,,,32.056000,2.562000,32.690000,3.234000,,,36.252000,3.984000,,,,,0.634000,1.262295,
P3,15,2,64874.044000,4717.822000,17591.129000,,,,,,,32.046000,2.531000,32.682000,3.015000,,,35.600000,3.984000,,,,,0.636000,1.191229,
P4,15,3,69355.937000,4717.822000,17591.129000,,,,,,,32.030000,2.531000,32.668000,3.203000,,,36.196000,3.984000,,,,,0.637000,1.265508,
P5,15,4,73837.831000,4717.822000,17591.129000,,,,,,,32.012000,2.515000,32.652000,3.015000,,,35.612000,3.984000,,,,,0.640000,1.198807,
P6,15,5,78319.724000,4717.822000,17591.129000,,,,,,,31.992000,2.484000,32.634000,3.187000,,,36.208000,3.984000,,,,,0.642000,1.283011,
P7,15,6,82801.618000,4717.822000,17591.129000,,,,,,,31.980000,2.484000,32.620000,3.000000,,,35.596000,3.984000,,,,,0.639000,1.207729,
P8,15,7,87283.511000,4717.822000,17591.129000,,,,,,,31.968000,2.484000,32.604000,3.171000,,,36.182000,3.984000,,,,,0.635000,1.276570,
P9,15,8,91765.405000,4717.822000,17591.129000,,,,,,,31.960000,2.515000,32.590000,2.937000,,,35.520000,3.812000,,,,,0.629000,1.167793,
P10,15,9,96247.298000,4717.822000,17591.129000,,,,,,,31.966000,2.531000,32.592000,3.390000,,,36.130000,3.984000,,,,,0.625000,1.339392,
P11,15,10,100729.192000,4717.822000,17591.129000,,,,,,,31.978000,2.609000,32.600000,3.250000,,,35.516000,3.984000,,,,,0.622000,1.245688,
P12,15,11,105211.085000,4717.822000,17591.129000,,,,,,,31.940000,2.562000,32.572000,3.062000,,,36.116000,3.984000,,,,,0.632000,1.195160,
P13,15,12,109692.979000,4717.822000,17591.129000,,,,,,,31.934000,2.546000,32.568000,2.859000,,,35.524000,3.984000,,,,,0.634000,1.122938,
P14,15,13,114174.872000,4717.822000,17591.129000,,,,,,,31.962000,2.593000,32.582000,3.468000,,,36.108000,3.984000,,,,,0.620000,1.337447,
P15,15,14,118656.766000,4717.822000,17591.129000,,,,,,,31.934000,2.531000,32.558000,3.218000,,,35.530000,3.984000,,,,,0.624000,1.271434,
P16,15,15,123138.659000,4717.822000,17591.129000,,,,,,,31.916000,2.484000,32.550000,3.140000,,,36.114000,3.984000,,,,,0.633000,1.264090,
P17,15,16,127620.553000,4717.822000,17591.129000,,,,,,,31.914000,2.468000,32.552000,2.937000,,,35.574000,3.984000,,,,,0.638000,1.190032,
P18,15,17,132102.446000,4717.822000,17591.129000,,,,,,,31.912000,2.453000,32.552000,3.171000,,,36.114000,3.984000,,,,,0.640000,1.292703,
P19,15,18,136584.340000,4717.822000,17591.129000,,,,,,,31.914000,2.453000,32.558000,2.937000,,,35.560000,3.984000,,,,,0.644000,1.197309,
P20,15,19,141066.233000,4717.822000,17591.129000,,,,,,,31.920000,2.468000,32.560000,3.187000,,,36.150000,3.984000,,,,,0.640000,1.291329,
P21,15,20,145548.127000,4717.822000,17591.129000,,,,,,,31.922000,2.468000,32.562000,2.921000,,,35.586000,3.984000,,,,,0.639000,1.183549,
P22,15,21,150030.020000,4717.822000,17591.129000,,,,,,,31.928000,2.468000,32.564000,3.171000,,,36.116000,3.984000,,,,,0.635000,1.284846,
P23,15,22,154511.914000,4717.822000,17591.129000,,,,,,,31.926000,2.500000,32.562000,2.953000,,,35.592000,3.984000,,,,,0.635000,1.181200,
P24,15,23,158993.807000,4717.822000,17591.129000,,,,,,,31.914000,2.500000,32.548000,3.078000,,,36.142000,3.984000,,,,,0.634000,1.231200,
